"0x83c7b265f3dff5f642133779567f6060aba2406e85db56b5970f61b70072a230","3d17830b56c420e8a5c738ec730345eb39e3900d80b21a9143ff7f32f7e689e6",open_position
"0x83c7b265f3dff5f642133779567f6060aba2406e85db56b5970f61b70072a230",dcaf402c3edace71c7ec3db00ea4b720faef51547a3abbce70c3192f1e9b9bfb,open_position
"0x83c7b265f3dff5f642133779567f6060aba2406e85db56b5970f61b70072a230",d5bca056b612f71e212ee4a388dbafd217dc45918c1c6c59a4d1a7831e88359a,open_position
"0x83c7b265f3dff5f642133779567f6060aba2406e85db56b5970f61b70072a230","02ae9756cdd71d0f7a68c1e0cd027e87a3b4c3a6e539d87ba31e31c441b271d2",open_position
"0xf46157b4cafc720369b94a132d3817b57d38e1925b2be8dc1d49a4fd2dfde26c","79453aed8c58d4b5d1c83c16d10bb31b21d93681db88224abe46eba3d1707bd6",open_position
"0x5022cf4710dd115356174b57d89ab9af9bd5123044dac0785536aafb4508fb75",e091982eddb77bfbaa72f5ca023ae4847ee28bf27bbd6fca9bc668474df2e2b8,open_position
"0xf46157b4cafc720369b94a132d3817b57d38e1925b2be8dc1d49a4fd2dfde26c","7f4880c115f53c361a105707a0fc97bfb74c0ff32a707ddbd746a68acd6d4e36",deposit
"0x5022cf4710dd115356174b57d89ab9af9bd5123044dac0785536aafb4508fb75","4e2a099017285367aec829aa38f9c5eca0a0b1107a73adb03bca3fb6dcbb1dc5",open_position
"0x5022cf4710dd115356174b57d89ab9af9bd5123044dac0785536aafb4508fb75","647aed79339f0069af429a74029576d185994abc55aa8e4c449668f5046b2ed6",decrease_position
"0x5022cf4710dd115356174b57d89ab9af9bd5123044dac0785536aafb4508fb75","5034a91227fa1649584254ede519622d0a8e6a90bc4ee78c6985d479eba3d440",open_position
"0x5022cf4710dd115356174b57d89ab9af9bd5123044dac0785536aafb4508fb75","367e4c7820ebcb00b5716c19b340c0c160898006dabc2ed2fcacb07a6fba9cf4",open_position
"0x5022cf4710dd115356174b57d89ab9af9bd5123044dac0785536aafb4508fb75",e601a890c9b9b1b669b9861b4de1f30a83ddcc5c28705de7e5db04c91b360e02,deposit
"0xe41caac97f7959b7d88835618734dbc59687f0e123e293ee0a6025403f6909fb","9adb38087695edecb4f5d3c280ff9205483b8b2c819c06b444fd1b67b9d85c17",open_position
"0xe41caac97f7959b7d88835618734dbc59687f0e123e293ee0a6025403f6909fb","3332b83186be2d0a8fe71f7d0eee1f83cf12f7b32f0474f86509d986913c6d40",open_position
"0xe41caac97f7959b7d88835618734dbc59687f0e123e293ee0a6025403f6909fb","92be203f40dcda1bb619061f26174340a55a45f420dc5a6a9be44adf2e59444c",open_position
"0xe41caac97f7959b7d88835618734dbc59687f0e123e293ee0a6025403f6909fb","050e2ea69624e426bfce3401559facaaefc062f5cc475035626b758704a0d770",open_position
"0xe41caac97f7959b7d88835618734dbc59687f0e123e293ee0a6025403f6909fb","357d7a68e9d8300562eb7974eb15288444ab1a0be103cfb3c87668ab964a9f24",deposit
"0xe41caac97f7959b7d88835618734dbc59687f0e123e293ee0a6025403f6909fb","7e26660c1be5bd6a3fcf2e41fcee54b9a62b44d7aabbcdcd9b90cd5ed91d942f",withdraw
"0x759ea51a11f48986a60d216cd6d1c3c6ee39e3122bc9ca22217f31d38203abc5","84966c951e0b6d9828a2678729cf2892830fac9a07e5366624ec9742eff5c57b",open_position
"0x759ea51a11f48986a60d216cd6d1c3c6ee39e3122bc9ca22217f31d38203abc5","313782c231474f82a194ad6c7a5751e7ff68019d1599589ea79f1dfd0eb9e14e",open_position
"0x759ea51a11f48986a60d216cd6d1c3c6ee39e3122bc9ca22217f31d38203abc5",a98b1ec48bd80e61f3ff325a8a7d6a713846ebabb25639fdc43ba3965020d2e6,open_position
"0x759ea51a11f48986a60d216cd6d1c3c6ee39e3122bc9ca22217f31d38203abc5","33984796f74819c133bc4a9bb73a749d4c21c0ec1de739050be7dcf30c51004c",open_position
"0x759ea51a11f48986a60d216cd6d1c3c6ee39e3122bc9ca22217f31d38203abc5","0cd4cf8eb09de25118208cbc8a9710f7e444f4aa68ab0e6c437ee5a55f54140f",deposit
"0x759ea51a11f48986a60d216cd6d1c3c6ee39e3122bc9ca22217f31d38203abc5",b05a46be1b2e2ab9f0acc6687404ed01784454cd3c308d3a67fd42f4a83da754,deposit
"0xa03b942a9aa05c4b25d35a680bfd2dac3362ebc8af0d88c131c98f245c75993f","9a5693e93c08698d8b86ed9430749d50fdd8ba99a97a2df64e9ad63852b029ec",open_position
"0xa03b942a9aa05c4b25d35a680bfd2dac3362ebc8af0d88c131c98f245c75993f","424d736a92a4a8972480da86ebf87edd08c84c05f1481851486e2d6caa2b3ab4",deposit
"0xa03b942a9aa05c4b25d35a680bfd2dac3362ebc8af0d88c131c98f245c75993f","8a5b32fe9d3a633fe9f1eba1bed22813fd8862834ec5e1989411c7c01ddcd778",open_position
"0x4a81a95f5eb176d2c7a9fb8ea96b1cceba5e39ebbebd16b31d8af0c77f35881c","5632dd952ef4d76aed8f9e6362cd4d6be493fab47fb935ef59feb5f17295a6b8",execute_open_position_order
"0x8d07663376c920257ab9f2bd8ef0cc5ed5f2264109a3d29fc2b6f8aafc5e875d","16760ffd3496275f666a495ae7cca2becc875728d3047836344b9ae3f8dc1e10",liquidate_position
"0x4a81a95f5eb176d2c7a9fb8ea96b1cceba5e39ebbebd16b31d8af0c77f35881c",fd19127843ea2dc9a01efcb23b82c4751c64753def97231c2426e21795177626,execute_open_position_order
"0x594084aa5bf83d82e3412f0876830770f999e020df3d80ba1d94032afd809a83","493ab41b5fae60142a0c79f02e4f634425edda8ee3616651e063b698587ce61a",execute_open_position_order
"0x4a81a95f5eb176d2c7a9fb8ea96b1cceba5e39ebbebd16b31d8af0c77f35881c","32c9446975551fcff687973fe1ebbcc52073ea893dd5b33b9c50fa8b721621d3",execute_open_position_order
"0x4a81a95f5eb176d2c7a9fb8ea96b1cceba5e39ebbebd16b31d8af0c77f35881c",edaddc749b52bf9f0578a9ca905de717241ce2748604c13b886d8e38cd726e19,execute_decrease_position_order
"0x1185fcaa220f25229adf43a0b6e4ed9265e19145a332ce2432dd54f3a27fb368",af46b7e07468b9a0d0515bba0f21524b2c24960c397d73a585412cbb49463cb4,open_position
"0x759ea51a11f48986a60d216cd6d1c3c6ee39e3122bc9ca22217f31d38203abc5","2afa1e25fa75318dc5362f3c6a7edd830bb84fe9f7b59f0b0221e9776faa10a7",swap
"0x759ea51a11f48986a60d216cd6d1c3c6ee39e3122bc9ca22217f31d38203abc5",ca32c1424f6e5cf1436e3d91676415aa8e38838973dfac1df4c7479de6f16196,open_position
"0xe3eafbf0e396095add28c1319e1ff3746b4dd65f5d5f19768e6a57edaa359517","5528fc8162ddc77837a987d84343f125bffe8c2c5b8d2e9e173a805b59ba9df5",open_position
"0xe3eafbf0e396095add28c1319e1ff3746b4dd65f5d5f19768e6a57edaa359517","0e38f1341e299ba936089b62fa1e1ea43877f18e4969264533531993790fdcb2",decrease_position
"0xe3eafbf0e396095add28c1319e1ff3746b4dd65f5d5f19768e6a57edaa359517","967f07dcd7b3d6c9208a26e7dc366b1f2f3c7f70e7748b81970598a3a324ba2f",decrease_position
"0xe3eafbf0e396095add28c1319e1ff3746b4dd65f5d5f19768e6a57edaa359517","9a13d8d91c9eab717d9b1eb300f4534e784a9492b1e04f56019647a378d6b67a",open_position
"0xe3eafbf0e396095add28c1319e1ff3746b4dd65f5d5f19768e6a57edaa359517","56c28733d6e015adea198a0eda3d9d54591856c20c7c009fe4cf2981d8e6cf6b",open_position
"0xe3eafbf0e396095add28c1319e1ff3746b4dd65f5d5f19768e6a57edaa359517",c3804197c92769112db4ac4ebb1fa3c10f659efa037cada9f7526c04fc5ec53f,open_position
"0xe3eafbf0e396095add28c1319e1ff3746b4dd65f5d5f19768e6a57edaa359517",e266c1278d4951e5fab5213e4ee24dcce0717e5e00dd6f6c905b8f1edc2999e8,deposit
"0xe3eafbf0e396095add28c1319e1ff3746b4dd65f5d5f19768e6a57edaa359517","81309c99d7f93a800d5471e3f958874b22292286c0f36b9fe31f96f383eb4cda",withdraw
"0xe3eafbf0e396095add28c1319e1ff3746b4dd65f5d5f19768e6a57edaa359517",f14e62fb75f2d7cd2327a0ae271e9aebec78c798de743105e6f8a76d95bd6a3b,add_new_referral
"0xe3eafbf0e396095add28c1319e1ff3746b4dd65f5d5f19768e6a57edaa359517","716589d333c03e18981134d2ca01475dd83c839956eef26b24721ff0836261dc",register_referrer_code
"0x2397e9f9c90ad44fc51221bc3d1612ebe4d5ebb5f63c439a75de9a76c99e2287",f9c14c607afb6ea3e064fafc7d09d0d4a0004646aa8b913cb3e0df17631d1cae,add_new_referral
"0x2397e9f9c90ad44fc51221bc3d1612ebe4d5ebb5f63c439a75de9a76c99e2287",f38242f92d056cd58373f44dae58f449b78cc21fe023a2e3b98145a75c8ac1a0,swap
"0x2397e9f9c90ad44fc51221bc3d1612ebe4d5ebb5f63c439a75de9a76c99e2287",e04b13f8a4df54721ef647c6d3b66e70922174e258e5d0c89ca448a069f59b2d,swap
"0x2397e9f9c90ad44fc51221bc3d1612ebe4d5ebb5f63c439a75de9a76c99e2287","4e3140c46bb0bb72e1c3ac19d57b0baacbbf108dbcbb387f21ed2a1e401dc772",swap
"0x2397e9f9c90ad44fc51221bc3d1612ebe4d5ebb5f63c439a75de9a76c99e2287",a734a88d3e54ad1c04805ad854b1bd814b3afd24ba1a1eb77e97c1226ee60eb0,open_position
"0x2397e9f9c90ad44fc51221bc3d1612ebe4d5ebb5f63c439a75de9a76c99e2287","3378ea33727cfac6a11307d5dd4230bf3f0e9285a9d48d8bf9b56d4a3f9f3a69",open_position
"0x66c62db5edf626b5868a9441720d5af8ee3fe8403c8c84d3f1a9ecdfe3ae7bae",f77110e85bab738cb50910ef422bb751256ae26ef01c6be90ec0161f08aa69b1,open_position
"0x66c62db5edf626b5868a9441720d5af8ee3fe8403c8c84d3f1a9ecdfe3ae7bae","7d2b4b4747b5c87e31748fe780b7ad691b7c0b0acb26ece8e39b516d2134c7f8",open_position
"0x66c62db5edf626b5868a9441720d5af8ee3fe8403c8c84d3f1a9ecdfe3ae7bae",c49ef8dcd16ac901e5df09cd2bf25d397aea99bf61e5e7a3770c960d8d3e1ed8,deposit
"0x66c62db5edf626b5868a9441720d5af8ee3fe8403c8c84d3f1a9ecdfe3ae7bae","9553500e0374154d2d5ad701c494e2724b425b0ffc6f6684613a4383b3d6a07f",withdraw
"0x66c62db5edf626b5868a9441720d5af8ee3fe8403c8c84d3f1a9ecdfe3ae7bae","7cec56b8226fdd832ee58de5e46021e654bcd1b6f2bdfa630e9b95309250bf3d",add_new_referral
"0xcec3c3632da9baca1a338a4dcfd8677eae86fb40374bd1d8ce6d5c1af50e3320","68a4904b38cf4da7a809b7616060c36cddcc9da1f77237ffed052f996cd82bef",open_position
"0xcec3c3632da9baca1a338a4dcfd8677eae86fb40374bd1d8ce6d5c1af50e3320","12ac7b19466609f37066de11383f8d67897b8ebfbc4186e09ae173dc155ac289",open_position
"0xcec3c3632da9baca1a338a4dcfd8677eae86fb40374bd1d8ce6d5c1af50e3320","483857ddfb11a57b6e4a5491731f3ee5052c0afaedb9851cfab23b74eae88ff5",open_position
"0xcec3c3632da9baca1a338a4dcfd8677eae86fb40374bd1d8ce6d5c1af50e3320","02399bff0729709937f6e3030bcd3a41fe4a2a6499169a0ded531d8686b2843a",open_position
"0xfdfbd0e6984886a1502d608c69ae1ee551fc5add640c73c052a43deb9a31fae8",cc91c78b4c0ca974104e8ff66948ec36032baa785bd009d548281c59a2c03441,open_position
"0xfdfbd0e6984886a1502d608c69ae1ee551fc5add640c73c052a43deb9a31fae8",abe1665d45ef007905d2e826285f56f155ac3453fd95197396558c335dd70a02,open_position
"0xfdfbd0e6984886a1502d608c69ae1ee551fc5add640c73c052a43deb9a31fae8",ca6d4b93397f646f2e40a8e9457539e69f2ffde4ba9f6bd69540431e20579e5a,open_position
"0xfdfbd0e6984886a1502d608c69ae1ee551fc5add640c73c052a43deb9a31fae8",c1d07c1ea2b5caf853bfb3478248698e0dc2d5f05662c1ec8bef25b994ac55f8,open_position
"0xfdfbd0e6984886a1502d608c69ae1ee551fc5add640c73c052a43deb9a31fae8","888f46563bdf5d42c1bf587fe6c075074ccde1c28672a34dc1a1b91c2d12df87",deposit
"0xfdfbd0e6984886a1502d608c69ae1ee551fc5add640c73c052a43deb9a31fae8",d2fa32a4f6f983062fed7b0f063ee1542277d7cc93ad54a42a716d3eacc18db3,withdraw
"0xfdfbd0e6984886a1502d608c69ae1ee551fc5add640c73c052a43deb9a31fae8","077147e731fbbd00b97338b6397bdf5ddcdf29e629358f0ecbfe43762cf085b7",add_new_referral
"0xfdfbd0e6984886a1502d608c69ae1ee551fc5add640c73c052a43deb9a31fae8",c1e3689a823d176d8e90de9b292b2bb076c3e1f4fe3ee0e9d46ce1d00d8fbfa8,register_referrer_code
"0x4a81a95f5eb176d2c7a9fb8ea96b1cceba5e39ebbebd16b31d8af0c77f35881c","5e894d7697b198e84ca7f0f8cc47822c23f8e1fcf0659369845260d986f3b1e5",execute_open_position_order
"0x8d07663376c920257ab9f2bd8ef0cc5ed5f2264109a3d29fc2b6f8aafc5e875d","4e5c30ee20d57b9ebdb7c5cc00894afce1e510ba64d6762820aa2bdc180e5533",liquidate_position
"0x4a81a95f5eb176d2c7a9fb8ea96b1cceba5e39ebbebd16b31d8af0c77f35881c",d4bf731226653fce8c5b22b7f72f29ec81025a1635ab5906fe41c637816bb72e,execute_open_position_order
"0x594084aa5bf83d82e3412f0876830770f999e020df3d80ba1d94032afd809a83","9b988dfadfe43ef15e6d5aa279dd93e7ad869c42e8419d26dc5c57b6f027dfd4",execute_decrease_position_order
"0x594084aa5bf83d82e3412f0876830770f999e020df3d80ba1d94032afd809a83",fe7a73a2c3233c362de824226c21723d211be8c842608a0fa98ee3b702804159,execute_decrease_position_order
"0x8d07663376c920257ab9f2bd8ef0cc5ed5f2264109a3d29fc2b6f8aafc5e875d",c1a2a60ad0eaebe55759dd7771f32b4321262f0d04faabcb140a9e1c078bb7e2,liquidate_position
"0xfeef24ef0ac6864eb8c24be4f1e5d334eef53704b8bbc1d5631721d5839bbe2c","2d4dc204c280cfc9062efb1443a303f4c1890fddd9738faa05ae066848423f36",open_position
"0xf46157b4cafc720369b94a132d3817b57d38e1925b2be8dc1d49a4fd2dfde26c","3846a73b7fc757699110876cc508053138e50363347ef515f169b935261a3350",open_position
"0xf46157b4cafc720369b94a132d3817b57d38e1925b2be8dc1d49a4fd2dfde26c","174e67dcccc748ea2bfcc8307ab0a3e82f65bf7332acc52a6b85fc4dbca7e20e",swap
"0xf46157b4cafc720369b94a132d3817b57d38e1925b2be8dc1d49a4fd2dfde26c","1f1993d9f3ed96272e990b20ffc1ebef566e4d5794218a57121fa42c9f88c81c",deposit
"0xf46157b4cafc720369b94a132d3817b57d38e1925b2be8dc1d49a4fd2dfde26c","8038bfe68c86f0407b7fdbbcd36693bcb71070bce3aa7d89190165a3f48b845f",withdraw
"0x9cc5bbff7f8337bc262b4f31617618ffcebcb6c83776a18a7a566685549007ed","0240d014f5291d2ddc6ef2bd2783cf16ee55535e60dd5583e97dd9eebee78f84",decrease_position
"0x9cc5bbff7f8337bc262b4f31617618ffcebcb6c83776a18a7a566685549007ed","1a1b690c62ed1dcceefd718c8acfcf54d9557e1d2e9e93b08037273cdfdf33bf",open_position
"0x5746de6e21999a762254dc724519031da8c317fc189f49bf46919843fdac1892","0bef90eb1816e4177836724303cce1980cd59f195390db1a98eeec98d8f0355e",deposit
"0x5746de6e21999a762254dc724519031da8c317fc189f49bf46919843fdac1892","200651eaafc240a46cb268d8bac15387b852738796eb5881bcdca595d833df7d",swap
"0x5746de6e21999a762254dc724519031da8c317fc189f49bf46919843fdac1892",de1dd06f43a18611667be921cd49b56cf3ca93f9757b443cc727c7d7001ea3d8,open_position
"0xe98fe25937223d51401754e5e47c12ab3c61848393dd0b9170c33edb2c25b517",cc81ae89c5e762562611738a1d11723c2ce5701e52a13d1a704846d7c1b7de8b,open_position
"0x7ec93f949b80bf471ca6be1bd5336847ed69ca551e7dbceed0f218d5f71db559","89ed883f18e866c9d03140f1ca107a3bd2a1f79117fcc02de3bf7ad29ff18972",open_position
"0x7ec93f949b80bf471ca6be1bd5336847ed69ca551e7dbceed0f218d5f71db559","251f3ae11e04fb9a4aeb40e12b0fb298399ac94e89a11f7d695cb675410a6e76",open_position
"0x7ec93f949b80bf471ca6be1bd5336847ed69ca551e7dbceed0f218d5f71db559","2cbe6e60a0ff5f037e70479cfef32e94c9cf9579bea729756899f13ba58cd351",open_position
"0x7ec93f949b80bf471ca6be1bd5336847ed69ca551e7dbceed0f218d5f71db559",c2bb8f0248799952b003ea51b7d65ff8cf84979b447127bde00b2ae7475a4d56,open_position
"0x7ec93f949b80bf471ca6be1bd5336847ed69ca551e7dbceed0f218d5f71db559",ffc94e45a272669673c27f60f9b68ee14bcca5ed54d968434e34dcbc859ca026,deposit
"0x7ec93f949b80bf471ca6be1bd5336847ed69ca551e7dbceed0f218d5f71db559",cb84686e16af1cbc408e3df8d60200fb0e8e19eb86144da062f442190768e18e,withdraw
"0x8d07663376c920257ab9f2bd8ef0cc5ed5f2264109a3d29fc2b6f8aafc5e875d",b903aa5fcdc33413711208cfeb7ca5e339d28619417c3285eea615fcd162e4b8,liquidate_position
"0x8d07663376c920257ab9f2bd8ef0cc5ed5f2264109a3d29fc2b6f8aafc5e875d",b58d2d3eecb90e150c1489dd2b9efb44c14f6f4f17f6d8b1696be577751ea95e,liquidate_position
"0x9bfec44c1f3fac18105887b6c07a7546a6dc21e21870354e57f4b362d1fac354","213df94f854b7bbcf22a61746639df375b2cb4eb4cceb5619391ed485ad1b901",open_position
"0x9bfec44c1f3fac18105887b6c07a7546a6dc21e21870354e57f4b362d1fac354","4c09f59dd9287ad6f2d21e6ef7ea2b88cd9f5b526e61d37f97ba076163c8b910",open_position
"0x9bfec44c1f3fac18105887b6c07a7546a6dc21e21870354e57f4b362d1fac354","390edfd4b1fa49da07a9aeae7247bf83a1557ad60758af2eaf5c2b5fd5e0cb20",open_position
"0x9bfec44c1f3fac18105887b6c07a7546a6dc21e21870354e57f4b362d1fac354","45ea1d98922df92fbdc838e817d62600c9833dcd737e06f11e798ea289a1308c",open_position
"0x9bfec44c1f3fac18105887b6c07a7546a6dc21e21870354e57f4b362d1fac354",fd0300e4ca1426477816feeed94210b5b829ae59cab8d3c651411bdfc8162f13,deposit
"0x9bfec44c1f3fac18105887b6c07a7546a6dc21e21870354e57f4b362d1fac354","0f976078d1cb46a1aa3fa342c58359c3dcc2028650c30cfa4c0d3e7893225e72",withdraw
"0xfd7314c8bccad8fcf00653365ae223e1a47559ee61a0badb3fbdb336acd44ec6","54574c05cb579366272a5f795a139940d72c37de9e70639e0c9432b55c43178c",open_position
"0xfd7314c8bccad8fcf00653365ae223e1a47559ee61a0badb3fbdb336acd44ec6","6283541db9a545de2e99cd92b860ef39f55e5084490bb84a810673bbea754eee",open_position
"0xfd7314c8bccad8fcf00653365ae223e1a47559ee61a0badb3fbdb336acd44ec6",b5d90b2b797a226cb85c9be7a44434816307df9c404a4b5dce7850d8695eb519,open_position
"0xfd7314c8bccad8fcf00653365ae223e1a47559ee61a0badb3fbdb336acd44ec6",ce5c5dd36f100735909f39b0b07d4daedbdb86c7ee28e95ad557e9440b8de01f,open_position
"0xfd7314c8bccad8fcf00653365ae223e1a47559ee61a0badb3fbdb336acd44ec6",d625870546bb6fa6442f97d016934ce9da417039a566d7185b642b986b6016ca,deposit
"0xfd7314c8bccad8fcf00653365ae223e1a47559ee61a0badb3fbdb336acd44ec6","6e249aa255d61546dbfdc1c6074d413e17d9b6fff4f451c7a9a2a94be7ec7af8",withdraw
"0x535c23475851823e7a871b9d90ab8829f0b0bfe8416025488fd2cbb10f8a2ffb","286f385e2de2ef8fa6048af32808db02e0443342c33f8dc546ae892c898f5bc5",open_position
"0x535c23475851823e7a871b9d90ab8829f0b0bfe8416025488fd2cbb10f8a2ffb",a97341cf6975e5fa8ac3db3123a74a58057f014de4c42bf764ef453a2943d313,open_position
"0x535c23475851823e7a871b9d90ab8829f0b0bfe8416025488fd2cbb10f8a2ffb","22b89319f723d9c83bd40ab8756240237ffe468e94d99dd1705af056d94d854a",open_position
"0x535c23475851823e7a871b9d90ab8829f0b0bfe8416025488fd2cbb10f8a2ffb","9c0ea68ed4396556e05a8688830e6f5334b08d2be87514afcb74bf3299b651e7",open_position
"0x535c23475851823e7a871b9d90ab8829f0b0bfe8416025488fd2cbb10f8a2ffb",b13581741be507a20d679c98de4db0a0cd80895815f17ecd7b0265be9fc20db9,deposit
"0x776a4ce495f4420437ac5ea5c09dd5047c8e7393f0ac4b8637675a505a3cd4","0f18559ebfb9dbdcbfdfccf908343cfbca3dad8efb5728b4c92d82c2a607676d",open_position
"0x776a4ce495f4420437ac5ea5c09dd5047c8e7393f0ac4b8637675a505a3cd4",b14c0224ca06f92b45f3598e2cb9edde0a4dc6cb2c307a613d3198b471a39922,open_position
"0x776a4ce495f4420437ac5ea5c09dd5047c8e7393f0ac4b8637675a505a3cd4","5561dcfcab453423c852102a4f6bf2a76045795a57e59f76caa61191ea01b584",open_position
"0x776a4ce495f4420437ac5ea5c09dd5047c8e7393f0ac4b8637675a505a3cd4","6ccacb45d1e23853f3f437bdda77d1273e20493dcd718d704b887160e8099b2c",open_position
"0x776a4ce495f4420437ac5ea5c09dd5047c8e7393f0ac4b8637675a505a3cd4","66f7d3c69e35e069c54e834abb75add18ec3228a5e3c647d98f87632818aa770",deposit
"0x776a4ce495f4420437ac5ea5c09dd5047c8e7393f0ac4b8637675a505a3cd4",bea7d4da9accd2759f4c66d179eb8828459a866720b7f512c1821c9662b07a52,add_new_referral
"0x776a4ce495f4420437ac5ea5c09dd5047c8e7393f0ac4b8637675a505a3cd4","9f59ab6ce4eedbdcebf830da6416730545e776be49c3074ff752293715f764d0",register_referrer_code
"0xf30e27060334076c54e07393dc46274fe106c7940ef99823849f11c485a4ac25","6ec1d7bfbfc49630ea808ec857cf5144c61be0ec7405d954f809b02d35534dc8",open_position
"0xf30e27060334076c54e07393dc46274fe106c7940ef99823849f11c485a4ac25","4d7ddd50f9e5b87349d8343f5b4d1051c69ac44775ce862420fdcd7bbc98325f",swap
"0xf30e27060334076c54e07393dc46274fe106c7940ef99823849f11c485a4ac25",b888b9e2a79bb194170712d7a767f58620e7eeb9eb5cea5c572795adcf8d89d1,open_position
"0xf30e27060334076c54e07393dc46274fe106c7940ef99823849f11c485a4ac25",a984f313dcf19efe69d5fce949ed4c65faed6123c79d26f7d28d181f900ccb0e,open_position
"0xf30e27060334076c54e07393dc46274fe106c7940ef99823849f11c485a4ac25","0d0b0223142e447b9086ae89f5ada8a5bf0082dea70d3ea0c98785337589d259",open_position
"0x8d07663376c920257ab9f2bd8ef0cc5ed5f2264109a3d29fc2b6f8aafc5e875d","21c1d50567eacf4905a2fa70ca7c9cd08acff2b20f6d38a10c50f007a2228038",liquidate_position
"0x594084aa5bf83d82e3412f0876830770f999e020df3d80ba1d94032afd809a83","06ca793836a834019ef838a243dc59d10642dc440a1812e6f8f8214c1a53593b",execute_decrease_position_order
"0x8d07663376c920257ab9f2bd8ef0cc5ed5f2264109a3d29fc2b6f8aafc5e875d",a98a391fba5a341bcb46d7129ae6bb9425ecd99a92588ce86910d2fcdc97770a,liquidate_position
"0x594084aa5bf83d82e3412f0876830770f999e020df3d80ba1d94032afd809a83",c87efb7927bb0525ea588e819ed6f6b031271704d9e86498f0a698fec4443bcc,execute_open_position_order
"0x4a81a95f5eb176d2c7a9fb8ea96b1cceba5e39ebbebd16b31d8af0c77f35881c",d170c03446e7dfc5dd091b5c128c448e35f25ede61d929c1622caf5539fab628,execute_open_position_order
"0x594084aa5bf83d82e3412f0876830770f999e020df3d80ba1d94032afd809a83","1974c05e35a83a0cbd976a9dc9bebc237163d64554b3beae7ec7335bad0a3df2",execute_open_position_order
"0x8d07663376c920257ab9f2bd8ef0cc5ed5f2264109a3d29fc2b6f8aafc5e875d","37c1197c5fb13db188c58f94d0958563a1a50e4a0779d9fa93932b147b3cb2ac",liquidate_position
"0x8d07663376c920257ab9f2bd8ef0cc5ed5f2264109a3d29fc2b6f8aafc5e875d","8a71f7dd766972542f84f8f74352ae8f53189ab3981f71d16bf84e183332b6ae",liquidate_position
"0x594084aa5bf83d82e3412f0876830770f999e020df3d80ba1d94032afd809a83","5ad51eccf3003a03dc1139734ef77d1819396fd438578b9c44df1443e8d1f0ae",execute_decrease_position_order
"0x8d07663376c920257ab9f2bd8ef0cc5ed5f2264109a3d29fc2b6f8aafc5e875d","5ceccd9408d5d480d81eb782b3b78fb7ae8075b6995195066cf55289ddbfdedf",liquidate_position
"0x8d07663376c920257ab9f2bd8ef0cc5ed5f2264109a3d29fc2b6f8aafc5e875d",f4fbfa4a1a3d70c289836ed8c52f0ac913d6d04281e0fcb94531418b1601526d,liquidate_position
"0x8d07663376c920257ab9f2bd8ef0cc5ed5f2264109a3d29fc2b6f8aafc5e875d","08abe56dff6bbd13fc71edee848a695fe5fe927041bb951aee8c67dae268555c",liquidate_position
"0xba60233853284f27c7c332e028be869e47d39fb2fda368c60b6d84de868d6196","60e90d7f4e3fff13f66d3615feba3062d537b3d85687845667f1362e567a5a1b",open_position
"0x8d07663376c920257ab9f2bd8ef0cc5ed5f2264109a3d29fc2b6f8aafc5e875d","3bb8aec8314d93fbc4bd223662cbf3e5923d94d0cd9ebddd4dc51cf008a0ae29",liquidate_position
"0x594084aa5bf83d82e3412f0876830770f999e020df3d80ba1d94032afd809a83",bcd6961e1c037f164fe3fa580d56a3c744c0d8b09131cd68568b9a0b5155101a,execute_open_position_order
"0x8d07663376c920257ab9f2bd8ef0cc5ed5f2264109a3d29fc2b6f8aafc5e875d",f9bbb51a05c1739f2593c50975fe60bb409a847a3c6ab6fa37c668fcb9641709,liquidate_position
"0x594084aa5bf83d82e3412f0876830770f999e020df3d80ba1d94032afd809a83","2675eb5d8c97d8e19e3b331b9759c024786313175a104120370fe4e6d6762e4d",execute_open_position_order
"0x594084aa5bf83d82e3412f0876830770f999e020df3d80ba1d94032afd809a83","96b5e75fe73032a430c1b9347f494a31919aa8a5d40d0c9a0c58e6258b0c4ac1",execute_open_position_order
"0x594084aa5bf83d82e3412f0876830770f999e020df3d80ba1d94032afd809a83",d3a31cac41b016eee8214f6510f986c5a52cfbb9df503eb42f6d779f634173c6,execute_open_position_order
"0x594084aa5bf83d82e3412f0876830770f999e020df3d80ba1d94032afd809a83","8f76cc5c0d38f60f35f12a254c30c3f7bf8115f4ec0bdc689747bc28ffdd2176",execute_open_position_order
"0x8d07663376c920257ab9f2bd8ef0cc5ed5f2264109a3d29fc2b6f8aafc5e875d",b8c6bd373431ed59578b7c5b896641107e2ad598583d04768d88428d7408a1fc,liquidate_position
"0x99fbb76d72b1e8f98bd855e0b3224ed8ccdfed622aad51cab858b2d8c85606f1","7f8a40425800eb6cce222ebc36d18f71fa00cc017692269dddf5521634f1d9c3",open_position
"0x99fbb76d72b1e8f98bd855e0b3224ed8ccdfed622aad51cab858b2d8c85606f1","3b5b58aa6091616af914f8ce9d0f0985364dfe4deef9f697fc83b1140d8df953",open_position
"0x99fbb76d72b1e8f98bd855e0b3224ed8ccdfed622aad51cab858b2d8c85606f1","14c6fc2b3ef9612bcbdc79771d94e5e29ac8ce15a2521eecc222507ea53b3456",open_position
"0x99fbb76d72b1e8f98bd855e0b3224ed8ccdfed622aad51cab858b2d8c85606f1","281290795f427cb9a0274d0568afb82697bc926566e078b07ee5fea92528c6d8",open_position
"0x99fbb76d72b1e8f98bd855e0b3224ed8ccdfed622aad51cab858b2d8c85606f1","7fe99b975118f3d173a1fe2e18ba399e1e436b9c2f5d91866e911431d3e33638",deposit
"0x8d07663376c920257ab9f2bd8ef0cc5ed5f2264109a3d29fc2b6f8aafc5e875d","3afb7c47ba646c1ead53ad37dfb12edd11d11aa0886bf2362d95e1504b3ff73a",liquidate_position
"0x668a6d13d0a5d8230b71e0504317c7eccaa012c560f5bc354434d13e294abe56","4e58321de65e2122bef0cd1a92d34d174c9a78c06ad943ef5e726239dab72b91",open_position
"0x668a6d13d0a5d8230b71e0504317c7eccaa012c560f5bc354434d13e294abe56",d8a8807962cb15596a8ebf44f71d39b2bc922fe3581f0c96c0ca6b93a2ed07da,open_position
"0xc115cbc514484fe738b3601dcbdd170b3a46251e81382bc4b3944413919f9f5d",d038d0870e2d38b8bf27bbe29479995e82b92836b5c7e744ab769a5edde6febf,open_position
"0xc115cbc514484fe738b3601dcbdd170b3a46251e81382bc4b3944413919f9f5d","4ded2e9c01ffd8540ca4e673b942b07f00107a5287abfdb911155f40b79dfe93",open_position
"0xc115cbc514484fe738b3601dcbdd170b3a46251e81382bc4b3944413919f9f5d","1eb63d64cde0b3ca734e56ba18b8e6a9891c588b1221ee000de82703b5f34d5f",open_position
"0xc115cbc514484fe738b3601dcbdd170b3a46251e81382bc4b3944413919f9f5d",e3d94622a65d867aa0aa12b205f075eae6eaa83b6c736e8e362585d4bcd6258b,open_position
"0xc115cbc514484fe738b3601dcbdd170b3a46251e81382bc4b3944413919f9f5d","9a50ba0cb0c18160eca110f6213911775e2569cc1e71f68aad541f798fdc637c",deposit
"0xc115cbc514484fe738b3601dcbdd170b3a46251e81382bc4b3944413919f9f5d",da787220ca7f39cfebee4a657517c402823e2f4f09127fbabfcf1c8072eeec5f,withdraw
"0x354e58ca9cd3e71bbc4747e41e4797d2a74151c422ba61a589dc7f9a570dd844",c1cb7e9a6ebd7db8a368a5ee9e2c83fd66d5bb2087490c32a052463d8dce0aa0,open_position
"0x354e58ca9cd3e71bbc4747e41e4797d2a74151c422ba61a589dc7f9a570dd844",b9e7d6c54d3e5e9eb79ccdf378e84a3ffea0f55db6546012cec4859d47290bb9,open_position
"0x354e58ca9cd3e71bbc4747e41e4797d2a74151c422ba61a589dc7f9a570dd844","2d448f3a12b49e7e112cfdab6c94d99f3674dc1964bf5380484ac6d2528dc835",open_position
"0x354e58ca9cd3e71bbc4747e41e4797d2a74151c422ba61a589dc7f9a570dd844","12de18d69d5f75d2acdeb2bf50140fa39ed7045d3ead7a582418118f5db23601",open_position
"0x354e58ca9cd3e71bbc4747e41e4797d2a74151c422ba61a589dc7f9a570dd844","70b0bd4fd9687ec1c1805d1c280b658d6eb14cabbee8a174c9ab0c420a276029",deposit
"0x354e58ca9cd3e71bbc4747e41e4797d2a74151c422ba61a589dc7f9a570dd844","4bd38f0525a5048f0a0ed0f00172d7fb0a9d3e9bc7c0b8602323fe2678ef96f2",add_new_referral
"0x354e58ca9cd3e71bbc4747e41e4797d2a74151c422ba61a589dc7f9a570dd844","03178eee3d6e208e6b45915e6c43ee70de7ffd51dc44776d9666303e77dc612d",register_referrer_code
"0x8d07663376c920257ab9f2bd8ef0cc5ed5f2264109a3d29fc2b6f8aafc5e875d",e28c44d25557c080e618d764b609716a44ee49cfa715c623f171a23b1f0c3d35,liquidate_position
"0x6b46389a3c7f26ddac8278d054585ec8de7eef0873ebf6bf0f3f8760a30cfe57","947be67a72020142cfa2acfb2df5ed812c86cf857a4e8bd5b4dff54efddd2a89",open_position
"0x6b46389a3c7f26ddac8278d054585ec8de7eef0873ebf6bf0f3f8760a30cfe57","71c75f7a2a9f843f42db318107f663f034c2acfd4c89ecf60129f415d6eb33b0",open_position
"0x6b46389a3c7f26ddac8278d054585ec8de7eef0873ebf6bf0f3f8760a30cfe57","28efd38834e1eef8c77c8426c1e447806216fd390cc261e0d36cbda9de791d4a",open_position
"0x6b46389a3c7f26ddac8278d054585ec8de7eef0873ebf6bf0f3f8760a30cfe57","60f7991715159d50ca2f57916837d44050d7541214b9e08cd99950b9dfeac384",open_position
"0x6b46389a3c7f26ddac8278d054585ec8de7eef0873ebf6bf0f3f8760a30cfe57",d573042fc5239bb7c40d446dfcd1d15e145ebcb7a5f362f0b1f5e861cd15937e,deposit
"0x6b46389a3c7f26ddac8278d054585ec8de7eef0873ebf6bf0f3f8760a30cfe57",ee1e7479dc374b585a5d524f6702133b90cb83f122c4a127b8caa17b0c2c1e62,add_new_referral
"0x6b46389a3c7f26ddac8278d054585ec8de7eef0873ebf6bf0f3f8760a30cfe57","8bf601a019429642214cf7efedcead56643c327934fbc65e66d14ff8d8ce87f0",register_referrer_code
"0x5dd87dcd15ba257edba427cfa147c4ae541baf9a8e144f5fe864757ab4119cde","1edd8607b3ad6e30aa387985cb30f5098d013b5c93d3f9728c95f91e9ae8d85d",open_position
"0x5dd87dcd15ba257edba427cfa147c4ae541baf9a8e144f5fe864757ab4119cde","94d7f034d9474df7823c0e21e13b9b9ace62b8f0752e7b23573393a4215b9f96",open_position
"0x5dd87dcd15ba257edba427cfa147c4ae541baf9a8e144f5fe864757ab4119cde","51aaa28db3f20c240ce7cc3ea620858a8f01564c2a4af87dcde4126eb600087a",open_position
"0x5dd87dcd15ba257edba427cfa147c4ae541baf9a8e144f5fe864757ab4119cde","33142a07c06f134232ef80fdd3ccbf5da8f99a7866f16db25f33270ff5d09820",open_position
"0x5dd87dcd15ba257edba427cfa147c4ae541baf9a8e144f5fe864757ab4119cde",b69a5d24fee4bd5668a803d18c6c5678e1895be5bf8f6c86af6fe9155fdc59c5,deposit
"0x5dd87dcd15ba257edba427cfa147c4ae541baf9a8e144f5fe864757ab4119cde","7ab7938466c49ff70e9f274ca9a3dafb21e86234932d815659f34dcf9193847a",add_new_referral
"0x5dd87dcd15ba257edba427cfa147c4ae541baf9a8e144f5fe864757ab4119cde","1b90a32e09a8d26b235d8fc8ca561bca12fde593b5b272259ba1b08d87eb1594",register_referrer_code
"0x858736e2389e5595b4d92c62a3480fb5d4e8d245985d414c2a4f62391db97bc1","8e784412528c5a213cc4683113912625c2e39e4c94def1491c6a02b2337a3391",open_position
"0x858736e2389e5595b4d92c62a3480fb5d4e8d245985d414c2a4f62391db97bc1","8086558a814832c0f2d7a1773eb3c9738514872134cce06037ed21cf1fa43a92",open_position
"0x858736e2389e5595b4d92c62a3480fb5d4e8d245985d414c2a4f62391db97bc1","9dff65b5538e5ef09fbc1a7b08af1680a8d761ac9ca9d0f1fb644d7efedcec16",open_position
"0x858736e2389e5595b4d92c62a3480fb5d4e8d245985d414c2a4f62391db97bc1","5ec5734062c90e9a9952a9750108b1b3b9e31a6467834e00b5cfed0de090a128",deposit
"0x858736e2389e5595b4d92c62a3480fb5d4e8d245985d414c2a4f62391db97bc1","5da8831536d9965d26f3f2437ced79086718953cdaa0df007d4defb118f73cff",add_new_referral
"0x858736e2389e5595b4d92c62a3480fb5d4e8d245985d414c2a4f62391db97bc1",ef3dbc9566abee53dd5a4443f114b7dc7f05af24889f3cb43792f5c777b1aea6,register_referrer_code
"0xe363c2bc3f1518ec00c0cd884fef643a41f9994511ff6370e7a7bdd2027f951e",bc1dc9e815bbefa5910a897410b7e49a40796ad5b3bf962cc3438086a04d7eb3,open_position
"0xe363c2bc3f1518ec00c0cd884fef643a41f9994511ff6370e7a7bdd2027f951e",a52754ed9b5617363d8524fb22f46abaa57897c0bdb441a84b535755499d2dc4,open_position
"0xe363c2bc3f1518ec00c0cd884fef643a41f9994511ff6370e7a7bdd2027f951e",b631098fc2184336023f52067995f0c8e1cc6abbc7d555fbd3f8836933203907,open_position
"0xe363c2bc3f1518ec00c0cd884fef643a41f9994511ff6370e7a7bdd2027f951e","2cac875d55651116d4705895a2da30b921aef74325162fd3ffb74c9606c7b51e",open_position
"0xe363c2bc3f1518ec00c0cd884fef643a41f9994511ff6370e7a7bdd2027f951e","74dbd84530a24d290d9a5d5ef826349b678042bb5e73c42831d4159513ca9e43",deposit
"0xe363c2bc3f1518ec00c0cd884fef643a41f9994511ff6370e7a7bdd2027f951e","7e25d0c5437b392bdf240c1c3651c09fc87a4a6be7100f8267b8aa02fdaf99e6",add_new_referral
"0xe363c2bc3f1518ec00c0cd884fef643a41f9994511ff6370e7a7bdd2027f951e","2016e743d27c5cbf165d6d69495a76006317b4f5ec683bf98ca508b408218b46",register_referrer_code
"0xcb97ec83cfde3626b81342755e6959e1baf5414c874f76d0f9bd610d8dd26842",cc327e4e3e3c55f045efe19c9d44388150fe381281b3dff7760f51628303b472,open_position
"0xcb97ec83cfde3626b81342755e6959e1baf5414c874f76d0f9bd610d8dd26842","542069fccd811dcc0dc27a2828cb60a3bfe14da7a622c3c3a5ced374fb9110f1",open_position
"0xcb97ec83cfde3626b81342755e6959e1baf5414c874f76d0f9bd610d8dd26842","67e8e665d78a7234e7dfde98cfbfb6e4561a1f7ce9d56e3aae71a44b5e8a8cdc",open_position
"0xcb97ec83cfde3626b81342755e6959e1baf5414c874f76d0f9bd610d8dd26842",bf654076481fba3a1c95b8ee03fdbab4975255dd5a5552b74d9d243de3277dce,open_position
"0xcb97ec83cfde3626b81342755e6959e1baf5414c874f76d0f9bd610d8dd26842","0535069fea540052789ba2fcd093ba81b4be0149645d317ef98ecd94892cc7a8",deposit
"0xcb97ec83cfde3626b81342755e6959e1baf5414c874f76d0f9bd610d8dd26842","5a0e8da7f805b139348e03236cc61a4b62144f1494bda76c57b8ba106fe5ae80",add_new_referral
"0xcb97ec83cfde3626b81342755e6959e1baf5414c874f76d0f9bd610d8dd26842",ce3a3247372fcda3a37c3924b0ae887fefd97e01f3e2b04fa1216f574c1ebfe8,register_referrer_code
"0xd098ed4c8a4fecfd082149216a1029ff1ed3d4dffd628348b018ed00036eec22","6c1b6fb1530c8939d96dd2dad279f087b8fc10f5910888228145cf636816c111",register_referrer_code
"0xd098ed4c8a4fecfd082149216a1029ff1ed3d4dffd628348b018ed00036eec22","9d3abf8f6fa95ce46b512ee2ec3aa264e43f8525bcdb381cd6b6cf86ec4dbe0a",add_new_referral
"0xe57ed9ef8392ca58daf241f485632e42e672b6f8e4e7b8016c6ce17f0e307176","32e7d0367807f2b7427fbb3f20fe4f33b522f1d3e40d8272f67e9cf78320d5c9",open_position
"0xe57ed9ef8392ca58daf241f485632e42e672b6f8e4e7b8016c6ce17f0e307176",a9375aa6653a0b2e84b2194a1eda8adf15824e9842a81cbf9d2a559828e1d726,open_position
"0xe57ed9ef8392ca58daf241f485632e42e672b6f8e4e7b8016c6ce17f0e307176","99a87367948de3b1991977d0f6f8facca5ab9fb840a82b0d0f86efc7b3e37e57",open_position
"0xe57ed9ef8392ca58daf241f485632e42e672b6f8e4e7b8016c6ce17f0e307176",cb806ab4c51ff021c8e7aea04c09ab7f29b24d10c004c33e463f4b40149cf248,deposit
"0xeda09fdf2408bc4c5db459d784654f12024daf40ed9c3e91569b0485b3c2c476","9240d7b5594382c936afb34e963cec9337f7a4fa20e77eedef6ca2295e65dde9",open_position
"0xeda09fdf2408bc4c5db459d784654f12024daf40ed9c3e91569b0485b3c2c476","82424a49708369a8d83f27af6dbe523b27f800e77c6953eb1b03ef8e97d171f8",open_position
"0xeda09fdf2408bc4c5db459d784654f12024daf40ed9c3e91569b0485b3c2c476",c3eda6519494c108853300d5d9f1a477a7140f1e029bc334132261a8eae8c17b,open_position
"0xeda09fdf2408bc4c5db459d784654f12024daf40ed9c3e91569b0485b3c2c476",c9789fb2cb3ebfd54c85f76932c07161db68e32bb82b916f5696438fa81d69d2,open_position
"0xeda09fdf2408bc4c5db459d784654f12024daf40ed9c3e91569b0485b3c2c476","22f807baf70361de8fcb02428c8d6af8804e7aee91953c1837a268be61666edb",deposit
"0xf46157b4cafc720369b94a132d3817b57d38e1925b2be8dc1d49a4fd2dfde26c","5d8e4b2c5b5d717f91826252118e173ca1362502596a0c866cda115ce26fd35a",open_position
"0xf46157b4cafc720369b94a132d3817b57d38e1925b2be8dc1d49a4fd2dfde26c","9aaa236600a9a07744d8c6dcf1934257f1c935584f30147f5988f6292acf1d70",open_position
"0xf46157b4cafc720369b94a132d3817b57d38e1925b2be8dc1d49a4fd2dfde26c",cd2491e840adaf51e28e65b191ca6f5645c240a3f09646d52c7dd854c3f96336,open_position
"0xf46157b4cafc720369b94a132d3817b57d38e1925b2be8dc1d49a4fd2dfde26c","579972c915f79fd50e620d91721a910bc1427c0fa60b6323179e39322005fd96",open_position
"0xf46157b4cafc720369b94a132d3817b57d38e1925b2be8dc1d49a4fd2dfde26c","0c6ddc16a99138cc71a03f7f5c6e3dd05c99df0a57d76352e479d23bce05a60f",open_position
"0xf46157b4cafc720369b94a132d3817b57d38e1925b2be8dc1d49a4fd2dfde26c",c4d98e446472909adba7b8c691891ddde3a398e202bfb3d53712db2e624afa06,deposit
"0xc4ee1f71bf6de9020b70738efd8289973b07924a5cdc6d0a603de8ec2bb5e934","599c7e20b5d716f5df81f59160fb2e87a32876553e3137b1c50b5a5762fe1da1",open_position
"0xc4ee1f71bf6de9020b70738efd8289973b07924a5cdc6d0a603de8ec2bb5e934","8ad62d99b9483f7201f3bd74ff5fa03f339102510ade2a4b25f5ac0e5b1fc1e6",open_position
"0xc4ee1f71bf6de9020b70738efd8289973b07924a5cdc6d0a603de8ec2bb5e934","9a850b04e9762463ca23898d2bcdae6f1281f6995a0d98bdcde555948471fd6b",open_position
"0xc4ee1f71bf6de9020b70738efd8289973b07924a5cdc6d0a603de8ec2bb5e934",db410d66fda0c873dcd67e7489ec1d98b5d01a0f7f5232d46764084e2b05eca4,open_position
"0xc4ee1f71bf6de9020b70738efd8289973b07924a5cdc6d0a603de8ec2bb5e934","8a7efeef60bb61d2fb424de06f25d220dfd47bfa8947d7aa84e50811b05d223e",deposit
"0xa30fa84e3307353f9dc43cd211effb36008a403045b7671fafc6c6632865326b",a8c1d5ebe8f8e882c608948f98cb2dd856322a3ac4355db6124dcbe0d0fa8cb4,open_position
"0xa30fa84e3307353f9dc43cd211effb36008a403045b7671fafc6c6632865326b","1a2435448662cde44d29962fdeebdd2d967ec4ec2515681a9c5d8416f2beb685",open_position
"0xa30fa84e3307353f9dc43cd211effb36008a403045b7671fafc6c6632865326b",ab60fe06f091a3a308c08ae5c69eee9689d567ba803029106eb427cd1f3dfd1e,open_position
"0xa30fa84e3307353f9dc43cd211effb36008a403045b7671fafc6c6632865326b","8ed8c8871353d57c1b0ef7bd4810ff953426633c5f9f4b8f3ab97b1716f6c34d",open_position
"0xa30fa84e3307353f9dc43cd211effb36008a403045b7671fafc6c6632865326b",ed107248e3cea4c4d13f206d745d95efde2a673e11175d2a631f451926e42bbc,deposit
"0xa30fa84e3307353f9dc43cd211effb36008a403045b7671fafc6c6632865326b","6364a4d50de4395096e5386601d41c058d2697cdc73912c9fc44e7e67c4f89e3",register_referrer_code
"0xa30fa84e3307353f9dc43cd211effb36008a403045b7671fafc6c6632865326b","8f70fe0c4f628495becb24388f571853e961c31b6ed1dbe707d34c03177f0448",add_new_referral
"0xb3dd84873361222645322a5064bc6ebb28fc7998190366a75536592888be6f3a","44c1f26526868d2d97cbb1933d578eedb54dc5fe468878b3077975aa40bdcff4",open_position
"0xb3dd84873361222645322a5064bc6ebb28fc7998190366a75536592888be6f3a","69048b357c2821c192472a9c0917790709ba8cf9658ff3a51cf4c05dd002f0db",open_position
"0xb3dd84873361222645322a5064bc6ebb28fc7998190366a75536592888be6f3a",d5cdb87d3bdfb00974bd23e45691250516ffedd04cd8dad6dfefae45d5373ae4,open_position
"0xb3dd84873361222645322a5064bc6ebb28fc7998190366a75536592888be6f3a",ba1fe48e58916dc46d8cbb69a14f965a4076a6154513770a314d7cfa1249f489,open_position
"0xb3dd84873361222645322a5064bc6ebb28fc7998190366a75536592888be6f3a","205ceb112b8f428865a586dfdf876774493a3322aba3652b343fc9ad8a86e9e7",deposit
"0xb3dd84873361222645322a5064bc6ebb28fc7998190366a75536592888be6f3a",e5e18b4678d454a8f74faf7135a8f7a52a06bff50054e007d43e573f8b358c4d,register_referrer_code
"0xb3dd84873361222645322a5064bc6ebb28fc7998190366a75536592888be6f3a",da6b59394785117bcfd22e221cbd3eb6ceca3ca2fda31a720df84d69ad613711,add_new_referral
"0x48470874dc037ac7f40a05302706f754a0ea769f024a0e474eec61cce1448ccf","88de1c065e8cbf25b3439c174908a386b7fc873cef8de34ab88fc69431bc07d5",open_position
"0x48470874dc037ac7f40a05302706f754a0ea769f024a0e474eec61cce1448ccf","807cc6586c8aa3b2808428d934fd329835aa148d4e64f8908cd9ae5dccf5aca1",open_position
"0x48470874dc037ac7f40a05302706f754a0ea769f024a0e474eec61cce1448ccf","77bbe0e0175aabecd231c8d38145e7a77d0d52b2af6bc53a1db900af1e22c46f",open_position
"0x48470874dc037ac7f40a05302706f754a0ea769f024a0e474eec61cce1448ccf","9d06d408a18406c96557c0201473a265ae4294e1243d23a7205d88581a089bdb",open_position
"0x48470874dc037ac7f40a05302706f754a0ea769f024a0e474eec61cce1448ccf","919d1ecd7ea296414c6834638fe4803117aa280ac552f2442fcb02ca7bc7cebd",deposit
"0x48470874dc037ac7f40a05302706f754a0ea769f024a0e474eec61cce1448ccf","1e28a993e513a0198d9e482e4fe3dce8e0cd25160d6740291564f4051a7a37d7",register_referrer_code
"0x48470874dc037ac7f40a05302706f754a0ea769f024a0e474eec61cce1448ccf",a1ecdf9d15504011150d6374cfd9d0b1df69cb9fe48393cbe8d5518b54a73b67,add_new_referral
"0xf78cd457084244d9dd711fb7be8eacb64e579fc4490ea372579c69fd339cd941","74706304d7aee2ba540488891b5baa6b9d0f923d5a0ae4d4d4f987adc46b2176",open_position
"0xf78cd457084244d9dd711fb7be8eacb64e579fc4490ea372579c69fd339cd941",c586b1a08e634204710671735b965d209c283ec77f589bf8fb000180477b3358,open_position
"0xf78cd457084244d9dd711fb7be8eacb64e579fc4490ea372579c69fd339cd941",e89cd4e52f5b0a4aeec12956e638eac240e7ca6c30ccef6280a9cf60b88f3c4a,open_position
"0xf78cd457084244d9dd711fb7be8eacb64e579fc4490ea372579c69fd339cd941",fa981c6b3316069bc899be04ac0854dd5d19a174c20f55d1f5bb4bdd5e10c442,open_position
"0xf78cd457084244d9dd711fb7be8eacb64e579fc4490ea372579c69fd339cd941",e6b57a2665a9b24ca28b6869d2fea3d0c7a759107b785ac12b1e09ca2792c2ea,deposit
"0xf78cd457084244d9dd711fb7be8eacb64e579fc4490ea372579c69fd339cd941","7e7f37480710b750c0466cb7de1aefcee3c497b483a802e3f2e126df49374e23",register_referrer_code
"0xf78cd457084244d9dd711fb7be8eacb64e579fc4490ea372579c69fd339cd941","2929541f0a99955527c7a8da8c42eb6e23c8f2a29e42e2fe6c93845fdbbf21d3",register_referrer_code
"0xf78cd457084244d9dd711fb7be8eacb64e579fc4490ea372579c69fd339cd941","91aa950e5764e95504d5523a81e304770c924671e17ee34458348f9cf01e797a",add_new_referral
"0x64a26b8411abe188ec9706c5cb0f6b66b63dce18beb48ba788ea0b452448fba7","450e292e0133d5d6e8893c2035ba2dade794e9433f085036b6b583f4e32f881c",open_position
"0x64a26b8411abe188ec9706c5cb0f6b66b63dce18beb48ba788ea0b452448fba7",b08de9d9fa5698fdf44930ade09b2b78ba1339d93247273c725c47a7198341c7,open_position
"0x64a26b8411abe188ec9706c5cb0f6b66b63dce18beb48ba788ea0b452448fba7","4b9184d25a9dcfbafaa965de7f550e0c5a2cc27b368db3f6aced81da680f50e5",open_position
"0x64a26b8411abe188ec9706c5cb0f6b66b63dce18beb48ba788ea0b452448fba7",e0c65f5133c509572c79fab539ae9b3f0a8320118b83211d5d8eb698540ad8dd,deposit
"0x64a26b8411abe188ec9706c5cb0f6b66b63dce18beb48ba788ea0b452448fba7","33cabd7cc9f82736e8fab80f31facc338f0fac47d80e3d9712c9c85d755d3f75",register_referrer_code
"0x64a26b8411abe188ec9706c5cb0f6b66b63dce18beb48ba788ea0b452448fba7","6c3afa0bbc84a01bf72f526d52ef7e5e6cf41bccaf4ba35c4cba32c7c95a1030",add_new_referral
"0xe3a8a5b9b2c5994b0ad612d577b3eccb2192c0c3bef71b100a72fe015d97b1e7",ae962bbcda732a4a779bf11109b1f6ad0b73b8c1721af11d95bcc24807995851,open_position
"0xe3a8a5b9b2c5994b0ad612d577b3eccb2192c0c3bef71b100a72fe015d97b1e7","8198c7123e999f63d4ab1e1876ca26c5927841d973d0941ab86a2244ad324eca",open_position
"0xe3a8a5b9b2c5994b0ad612d577b3eccb2192c0c3bef71b100a72fe015d97b1e7","13296c456f6e4e00151ca8719239cafdedf9d8f54e5737dbc1627270534a736d",open_position
"0xe3a8a5b9b2c5994b0ad612d577b3eccb2192c0c3bef71b100a72fe015d97b1e7","87a43e9f6a0570967090e8de28df347fa0b5deaaf528037cea4002f91ad95dd4",open_position
"0xe3a8a5b9b2c5994b0ad612d577b3eccb2192c0c3bef71b100a72fe015d97b1e7",aef58114b5ca30c3587a5eaa751bd876b546581aa3ecf7f0425b2334e975aa61,deposit
"0xe3a8a5b9b2c5994b0ad612d577b3eccb2192c0c3bef71b100a72fe015d97b1e7",d3b47a9ddfed39349e0bfde1c908cf4cd536679d35f937af783ef0a1ef4d2133,register_referrer_code
"0xe3a8a5b9b2c5994b0ad612d577b3eccb2192c0c3bef71b100a72fe015d97b1e7","3e25208c80a5aded70f5d58891e0104691636cb8541d073d1434056e9395e8fd",add_new_referral
"0x6ee4e475d2b981d861cd7811aefb827455b1da646c7036ca797b7c9c1cd8bc33","00751a833865c5fa50d2a94a8fcf098afb698c189cf589225bf55db6f6616ce5",open_position
"0x6ee4e475d2b981d861cd7811aefb827455b1da646c7036ca797b7c9c1cd8bc33","559d23ee1b915bc28821cf03c49ad89524a432e1f7e6c10f2ecbdb98d67b9c35",open_position
"0x6ee4e475d2b981d861cd7811aefb827455b1da646c7036ca797b7c9c1cd8bc33","9091fc45f37266a0af1fef18000d89f1696dd413a695070ee1af46c7413d38c6",open_position
"0x6ee4e475d2b981d861cd7811aefb827455b1da646c7036ca797b7c9c1cd8bc33",c91defdcd560c60b51b99e19ec8996764f3d6f88e1d62727bfba9bea92e43dac,open_position
"0x6ee4e475d2b981d861cd7811aefb827455b1da646c7036ca797b7c9c1cd8bc33","5a1dfbae1c3e7994becd0f7fba8a6acb930746465c67bc8990a0f2e12bf691ef",deposit
"0x6ee4e475d2b981d861cd7811aefb827455b1da646c7036ca797b7c9c1cd8bc33","9a8a9a3eb26371523e9286f1a32b67a06d7c76ca55f1f31b10914eea21590418",register_referrer_code
"0x6ee4e475d2b981d861cd7811aefb827455b1da646c7036ca797b7c9c1cd8bc33","5a8a7277dcfe83b88ec86b57ae6b00f1b3bf0c1440570ccb6eabe621c89f6e58",add_new_referral
"0xd16266d7fd4212b0f1e4033452ebea6c62e34a6c49d0a4ebb22b4f5a31146d9b",db91a1c39d32ce6e5e86e1ec47cb20d3fc58424ec0c57af48741c28c8b6af65b,open_position
"0xd16266d7fd4212b0f1e4033452ebea6c62e34a6c49d0a4ebb22b4f5a31146d9b","3ada311a349ca0ab1483e71f3925a807de551b494db32b1685d757ca784b156e",open_position
"0xd16266d7fd4212b0f1e4033452ebea6c62e34a6c49d0a4ebb22b4f5a31146d9b",d24e626b7f164503f1559f1f14609cc72cdcf150d6baa9c7ae82fa18e5bc1434,open_position
"0xd16266d7fd4212b0f1e4033452ebea6c62e34a6c49d0a4ebb22b4f5a31146d9b",e3ecc642086683cd28ce3a1b7b4a0beca91fe1143dfdbc9067fd145f2086d1a4,open_position
"0xd16266d7fd4212b0f1e4033452ebea6c62e34a6c49d0a4ebb22b4f5a31146d9b","9bce535a22ae60fb246fcbfb343e95ffd1ebe61df6e0a00825b20199f7071ad8",deposit
"0x776a4ce495f4420437ac5ea5c09dd5047c8e7393f0ac4b8637675a505a3cd4",fe0586272d219f6ce263abc39b136c22f2cbe0fadf5d7908150d818d090f4c41,open_position
"0x776a4ce495f4420437ac5ea5c09dd5047c8e7393f0ac4b8637675a505a3cd4","33ac2a963a4ea2674bb761f00d144b4388f2b46e44a1e6cde4bd4a19ee7f31a8",open_position
"0x776a4ce495f4420437ac5ea5c09dd5047c8e7393f0ac4b8637675a505a3cd4","0af09b73f8ec22ead2558d76d33881191e4818b24c5dc8459f5579060bc1078e",open_position
"0x776a4ce495f4420437ac5ea5c09dd5047c8e7393f0ac4b8637675a505a3cd4","6422556c2c295925ca0d54e0ac30f8bec70d4172245d42430df71c8901e3686e",open_position
"0x776a4ce495f4420437ac5ea5c09dd5047c8e7393f0ac4b8637675a505a3cd4","538487123bc435e113d3c7848856e5267ec24f53b6f7a6b557085186894648d5",deposit
"0x8d07663376c920257ab9f2bd8ef0cc5ed5f2264109a3d29fc2b6f8aafc5e875d","7a2f1f7c4a5afe81131e077026d6feedc1e1eb61e823ea74279518630478d50b",liquidate_position
"0x8d07663376c920257ab9f2bd8ef0cc5ed5f2264109a3d29fc2b6f8aafc5e875d","08394361d6382a8110ecc6253b2353845cb2e3e5d95f92dc3ec0f8f241ba2306",liquidate_position
"0x6f82d8a9e36cc2cc43c3b6f19e194b4563dc8493a100ef64bf096f949aa4dafd",a596b2d0cd8ff529f509d0275af7fe5d8e3eb792c22e92af29eb5c2e9da45d61,register_referrer_code
"0xefa0bd8f66b6699bde14ccfe61534953344a0bae2b7083176080415a7ff98de8",af1bb5105f2ecef99e7978ff90db5973975e3404dd0ff7aeb004813c967d75e0,open_position
"0xefa0bd8f66b6699bde14ccfe61534953344a0bae2b7083176080415a7ff98de8","4e3e9a6d80ae77f13c16d461f2bc58a01cc8ec992471fa2de9d4f98f29a9c48f",decrease_position
"0xefa0bd8f66b6699bde14ccfe61534953344a0bae2b7083176080415a7ff98de8",afb8ff18d1d76ade228664654e1fa776191dc648da25b4bf21b908cd6c26c035,open_position
"0xefa0bd8f66b6699bde14ccfe61534953344a0bae2b7083176080415a7ff98de8","24b776b99c9122d6c3d7e9f4a217571e053bc54230dcee5c703e7deaaf269b68",open_position
"0x919e6f8c76ade0a725c8aa2644b17cd3f02083c140a2603248ca3a764b07581c",c0fbb7ca9ce0aa71b1c932f3fbb2fa854c4fcad6f22a14d14fe41e55753dff27,deposit
"0x919e6f8c76ade0a725c8aa2644b17cd3f02083c140a2603248ca3a764b07581c","88ce853ca77f808aa8190dde7fcac760b70cfaf916ff7591c049fd035b719d86",open_position
"0x919e6f8c76ade0a725c8aa2644b17cd3f02083c140a2603248ca3a764b07581c","75019f4e4eabcdfec1b303d52250882be43cd172c0c9af9ab2ba9714fd5b7705",open_position
"0x919e6f8c76ade0a725c8aa2644b17cd3f02083c140a2603248ca3a764b07581c",e7a410864c18e9813119a960bdf2682d34540dc32c09bc7877426e6bf5cf48cb,open_position
"0x919e6f8c76ade0a725c8aa2644b17cd3f02083c140a2603248ca3a764b07581c","84fa8b8071637452dc633a82df0a41293b194a5f51abe734f1cb516fe0e120a9",open_position
"0x919e6f8c76ade0a725c8aa2644b17cd3f02083c140a2603248ca3a764b07581c",c48e1b3dcb34142d2b5675a7811a2768b2331f6449477d6a119e049d7d5d6ef9,swap
"0xba60233853284f27c7c332e028be869e47d39fb2fda368c60b6d84de868d6196","90eb25a9cb006873b92dd407c764a4867dc427258212fdd861d1eb1440718340",open_position
"0x95223299bbdd83724aa98f658ab251995e994c2d92d1a116d97c482d99283d4b",c0f10536c7b49d1e3b52a1be116bc5db051fc8f626fc253b1c184fb2f55f306d,open_position
"0x95223299bbdd83724aa98f658ab251995e994c2d92d1a116d97c482d99283d4b","94826151d03c2178cc0870bd8be0686412444350fc23146a63ee10015779adc4",open_position
"0x95223299bbdd83724aa98f658ab251995e994c2d92d1a116d97c482d99283d4b","18550ad8d2b33f3450feffc78cb71858aa0a4c05901cbb56b72c5218828029d1",open_position
"0x95223299bbdd83724aa98f658ab251995e994c2d92d1a116d97c482d99283d4b",bb01014a19c436c3f2ab993899ac6f26d0466844ccf481472d7136abd617df43,open_position
"0x95223299bbdd83724aa98f658ab251995e994c2d92d1a116d97c482d99283d4b",ee1d8563a3096e5e14c6958d3762eca76d7b7f002679787add3e975a92db95a4,deposit
"0x95223299bbdd83724aa98f658ab251995e994c2d92d1a116d97c482d99283d4b","7c06325c6c9ab75b994376ae1fa5dbbec5f2e2d8b4a49ade6e1fe60885d57864",register_referrer_code
"0x95223299bbdd83724aa98f658ab251995e994c2d92d1a116d97c482d99283d4b","39a51f44f995fa4c797a7bb65e8c5634d9feade951cef6489dba0fa46dd281c4",add_new_referral
"0xc063faa704cd6523dbb445cc97e301028a9f02285a014383529c2b016fb5cc1b","10ed0341d8a71efdfcd2d8c78ce9095467833af033722e101364bf59238aa85b",open_position
"0xc063faa704cd6523dbb445cc97e301028a9f02285a014383529c2b016fb5cc1b",e0cd708735c2057d9e5452823c4b74d31fe03df0657ddd97155710edba2d2397,open_position
"0xc063faa704cd6523dbb445cc97e301028a9f02285a014383529c2b016fb5cc1b","496c8bd2e98dfb34e8fc281a9cf283d97d03aecb6e8129cfa1da8e671bb7fd9d",open_position
"0xc063faa704cd6523dbb445cc97e301028a9f02285a014383529c2b016fb5cc1b",b0982a26adeec102be4aa4304086cf93712ecd066496eec3d348fe66cec96e45,open_position
"0xc063faa704cd6523dbb445cc97e301028a9f02285a014383529c2b016fb5cc1b",fbbee4405f2cb23704b1a096dde2801ed97cbd2c307bb78304ecd2e594fa6eaa,deposit
"0xc063faa704cd6523dbb445cc97e301028a9f02285a014383529c2b016fb5cc1b",b60d2020fc446ae3a63fa15f6182020c1105a5100d849945f634115c2c23b7d1,register_referrer_code
"0xc063faa704cd6523dbb445cc97e301028a9f02285a014383529c2b016fb5cc1b","591cc275513c5530e218151b92ae98296c17fb9cead70883f832877438397077",add_new_referral
"0x83ee4ce086b6bac3f7872f53c87170075289cf51605e47bc626c1abe705f7fdf","4493277a0725e8379ab9b780aba72e848d0e12f4d67fc21904288eeeb669f5ca",open_position
"0x83ee4ce086b6bac3f7872f53c87170075289cf51605e47bc626c1abe705f7fdf","79cbaea6861414b254ce9ea2d36f29884f4f3dcb6a7bec3ea890756d8ec78b48",open_position
"0x83ee4ce086b6bac3f7872f53c87170075289cf51605e47bc626c1abe705f7fdf","2cf6497f12923d90094ef87f3ccb54907b0a9cf4cc024879777a609998194b8c",open_position
"0x83ee4ce086b6bac3f7872f53c87170075289cf51605e47bc626c1abe705f7fdf",e93f613290ba9c2b3721d3a4179cf9edf7d198575d6ee57ec6e43776486de413,open_position
"0x83ee4ce086b6bac3f7872f53c87170075289cf51605e47bc626c1abe705f7fdf",c7573e496313e7d579b9c9af769bda75bfde3fd1be8f4a046579e8c448cee831,deposit
"0x83ee4ce086b6bac3f7872f53c87170075289cf51605e47bc626c1abe705f7fdf","36ebe42635753992474ccbf12f32f0b1ca2164042d8492f016dc47503096d01e",register_referrer_code
"0x83ee4ce086b6bac3f7872f53c87170075289cf51605e47bc626c1abe705f7fdf","1649aa8406d236b4b9e00cc7421372b387f1e7c98b016b6f05e54eae8f9f611f",add_new_referral
"0x850ad704af8ecc97aef7bba1b68d581e4a6608fa4e86cc61b66daef1b7d9d471","9bf2e741d32ba7b14d7840b7ee7d1dd42fc6d70a2f2571a6af43b6218f09e3af",open_position
"0x850ad704af8ecc97aef7bba1b68d581e4a6608fa4e86cc61b66daef1b7d9d471",dddec5d6609a2a0655ea82ba6bb435d36ed19c6261689fdf86a4559816c44964,open_position
"0x850ad704af8ecc97aef7bba1b68d581e4a6608fa4e86cc61b66daef1b7d9d471","2bdccffebc5d965a42f49c763bd1926afc5e63a4d0f1df37a229b675b8a81149",open_position
"0x850ad704af8ecc97aef7bba1b68d581e4a6608fa4e86cc61b66daef1b7d9d471","942f7eaac0889c13587d7a4d40a65060b62c940fe74363c3d4c4e136b8dee90a",open_position
"0x850ad704af8ecc97aef7bba1b68d581e4a6608fa4e86cc61b66daef1b7d9d471","8366b0b1b5d29f78b5b9ac88427f840e02fd4b2f1db6e549d222cec3cf1e1429",deposit
"0x850ad704af8ecc97aef7bba1b68d581e4a6608fa4e86cc61b66daef1b7d9d471","0d74cbf172599713e9c78aeea1b89bafb8a69ba138b75f68d9ba15cb0a26aeda",register_referrer_code
"0x850ad704af8ecc97aef7bba1b68d581e4a6608fa4e86cc61b66daef1b7d9d471",a6dbd7b304ea8d5f98cce40b97a2992ca02e5961cf0bfbc3a0d404f5e1857db7,add_new_referral
"0x6047a75c7d8c0b3347db856e087eb814b6f746193f2c65ee0b61a9a859d6a1da","9712696a7dd55826285d6bbc7767a3e23bb632b98fe20a6493328644e70a1bc0",open_position
"0x6047a75c7d8c0b3347db856e087eb814b6f746193f2c65ee0b61a9a859d6a1da","86e972e318ad7357d9aec75ade43c9051a2d2db36284c69fa91618849bed1908",open_position
"0x6047a75c7d8c0b3347db856e087eb814b6f746193f2c65ee0b61a9a859d6a1da","697c3bed9db9b5d525642fe073aa799fec3f4a587e66af6540d3930d848591bc",open_position
"0x6047a75c7d8c0b3347db856e087eb814b6f746193f2c65ee0b61a9a859d6a1da","1406db5565a30b2a12c9a88037f60e4ca3359b542beb9223d96dd8c99501d835",open_position
"0x6047a75c7d8c0b3347db856e087eb814b6f746193f2c65ee0b61a9a859d6a1da",f53be8a9b4be50d1a634e43c75fea4e20b558ffdba88b3fa8bc190205334a8a3,deposit
"0x6047a75c7d8c0b3347db856e087eb814b6f746193f2c65ee0b61a9a859d6a1da",c6f2da25c5d99188ba5b11ce60f39d360babb9d67598e397e5e52be2d7861246,register_referrer_code
"0x6047a75c7d8c0b3347db856e087eb814b6f746193f2c65ee0b61a9a859d6a1da",a97dd386f3e55fff1f7eab5ebdc90d9b740edacf9386a1e2aa72567e2c4cba66,add_new_referral
"0x8d07663376c920257ab9f2bd8ef0cc5ed5f2264109a3d29fc2b6f8aafc5e875d","76e6b8abefa7a2b7957e253f5e6a4fc329e8fc06a7bf7fbb71b4d4a48985f43c",liquidate_position
"0x9da9e300f849eef262f8699c375a1fa6e0cf24c66d8494002d32410274251308","88e5198762551fb9b7cc7ec882749b70d7d1b2254555c230f697ceabe4298f8a",deposit
"0x9da9e300f849eef262f8699c375a1fa6e0cf24c66d8494002d32410274251308","57a1db281471f056bceee86f114a8d67bc87ae6703fe3c055ed51d7d5d56289d",deposit
"0x9da9e300f849eef262f8699c375a1fa6e0cf24c66d8494002d32410274251308","76d18db1c2c5b57ed0fddeb2c463e151d97c48ac0b7118746e651a22cb89036c",deposit
"0x9da9e300f849eef262f8699c375a1fa6e0cf24c66d8494002d32410274251308","796983f0b26f4fd7b1406d2866ae99692dad85425fd28026890096d588a10822",deposit
"0xa03b942a9aa05c4b25d35a680bfd2dac3362ebc8af0d88c131c98f245c75993f","8f1c24e8fa683246f95ab307cd245cec597553f4a7b276fa10eb627877abb22e",open_position
"0x9da9e300f849eef262f8699c375a1fa6e0cf24c66d8494002d32410274251308","472f642ed25069ad39010e434b5f45bd3230a3af5af99016e7629f0efc89b14a",open_position
"0x9da9e300f849eef262f8699c375a1fa6e0cf24c66d8494002d32410274251308","600262ba26cd851d97990bd218eed29fe7977158f23f3c7fa498bd98664170f7",open_position
"0x9da9e300f849eef262f8699c375a1fa6e0cf24c66d8494002d32410274251308",bd3ec9e371117da6358bd0486e987ed384ba214dd184feab82cc4d9d90d94f4b,swap
"0x9da9e300f849eef262f8699c375a1fa6e0cf24c66d8494002d32410274251308","2f9ec7c6dd1bd2d2e484fa232705eff20a1d6e038bfd72f145fe7d0b1a0809bf",swap
"0xf46157b4cafc720369b94a132d3817b57d38e1925b2be8dc1d49a4fd2dfde26c",a92e74c38075f6d40e9eb92f5f4184ba08ab5fdb33c3e3a6a442d23ccffcd5be,open_position
"0xf46157b4cafc720369b94a132d3817b57d38e1925b2be8dc1d49a4fd2dfde26c",ba843187c29706eb8e880b090613fa50ed6e95328001d9126c1c0b7b7d034916,open_position
"0xf46157b4cafc720369b94a132d3817b57d38e1925b2be8dc1d49a4fd2dfde26c",c49a79e65357bff6a86aaa7826a675bb95946da6312362ebba476545c81f7338,decrease_position
"0xf46157b4cafc720369b94a132d3817b57d38e1925b2be8dc1d49a4fd2dfde26c","6d1bf4c9431da7ee952f9df04b207773b6f302cebd9f4bd8841856cb4b9ffae5",open_position
"0xf46157b4cafc720369b94a132d3817b57d38e1925b2be8dc1d49a4fd2dfde26c","761095ef557b2e37c0138dd5f30c93a434819d2dee87cde0e6c780d69bee5abd",open_position
"0xf46157b4cafc720369b94a132d3817b57d38e1925b2be8dc1d49a4fd2dfde26c","0490a2ae309d59b7df9a9637e663e8e8c2c90ff39f0f870bd22ae4b52d185af6",deposit
"0xa65304d82ed95fd55649061588f86b9761a437fbd668cebf114f7a75b8d8dcec","1debf2163830639d546b004456d315c5b539b615cbb24e7673b0bed58f40c934",open_position
"0xa65304d82ed95fd55649061588f86b9761a437fbd668cebf114f7a75b8d8dcec","1e2795c5ae7c36507373bbdc16e592adb6227053ae29eab2bb83d06688c4078e",open_position
"0x841ba8698e668dd35d378869a12dfac6a8575d8b46cc4e53e4da076bb49e68a3","1ec65f776e746081aad21b337eddbd97aeeca6b971c942484232f6920232d9f8",open_position
"0x841ba8698e668dd35d378869a12dfac6a8575d8b46cc4e53e4da076bb49e68a3","2dafdd97c9aef0327bb4a734b14d879e266cc1fc463002a2da734b23efc831c3",open_position
"0x841ba8698e668dd35d378869a12dfac6a8575d8b46cc4e53e4da076bb49e68a3",c86cb205941f7f922b1ad5a6d494d4d50f4e9a5804d6707667ac1bbb4e376e9f,open_position
"0x841ba8698e668dd35d378869a12dfac6a8575d8b46cc4e53e4da076bb49e68a3","00444b10a8c98a7e807552cf83bb6b53d8f12ed5a24017f2fc048d542b5ed45a",open_position
"0x841ba8698e668dd35d378869a12dfac6a8575d8b46cc4e53e4da076bb49e68a3","137a16b041563346e83921a7b2afa9bb54f0b257aca228ee472a7ced41a2dd8e",deposit
"0xd0a2a201174dd21da7884bd7907197ab07e29888806a873f634e75a42f544bdc","8f0d0dab5100d37fbcdd3e97c6396dc73bc8bf4ed26b8ade60e9dfa7988cc37d",open_position
"0xd0a2a201174dd21da7884bd7907197ab07e29888806a873f634e75a42f544bdc","75fd05d6ef5c127204367a870f61dbc1daf6ed447edf1bcc44c3dd5667a797dd",open_position
"0xd0a2a201174dd21da7884bd7907197ab07e29888806a873f634e75a42f544bdc","8c91930e3ab184f73ab26b0cabd628b51316db2bc19bbc1bd57feaa767910527",open_position
"0xd0a2a201174dd21da7884bd7907197ab07e29888806a873f634e75a42f544bdc","887ed395d88dd9300091b271914df808498ade187e6c16b62c820c2f1a0b61e6",open_position
"0xd0a2a201174dd21da7884bd7907197ab07e29888806a873f634e75a42f544bdc","249b036945fce4b8c21a6a7a5043576a052db665f419d648e3a774c57892349c",deposit
"0xe741ef69ef65db7a66f479577eb8fefc5f650b8737f029071365cd18f3b44145",be1828562a7f6c0e461193b427f7ab8429d8a3cb6b8b46c5e181d42d2c802ba0,open_position
"0xe741ef69ef65db7a66f479577eb8fefc5f650b8737f029071365cd18f3b44145","77149b16f0a63f9dd9d0e71e4c387ec553adce0f9204505ba0138fd140ee5596",open_position
"0xe741ef69ef65db7a66f479577eb8fefc5f650b8737f029071365cd18f3b44145","50a8090be938be4642e707ef246c0d6b6e8b5ff5e075d0093e479d7a8fb6516c",open_position
"0xe741ef69ef65db7a66f479577eb8fefc5f650b8737f029071365cd18f3b44145","988796d717e0a924e59c17f654e96649c0be243612bb35001f136785c3df155a",deposit
"0xe741ef69ef65db7a66f479577eb8fefc5f650b8737f029071365cd18f3b44145","74f2bb3dd2a4efaa3cadf0de6341ec726adae3abe9221055f5afac0f1a3bfe4b",register_referrer_code
"0xe741ef69ef65db7a66f479577eb8fefc5f650b8737f029071365cd18f3b44145","9d4961f63291fb0a8f7d2b56e7c8c99474f7db922409ba444b118b9c0a97ca76",add_new_referral
"0x928fc4e9ef4c404925ededa14296e486522cfc561aacad205a2543cfbdcfbdaf","5bf835fff88a599562cebd484a448b4e5c904fb909a8468a191a30db158a2db9",open_position
"0x928fc4e9ef4c404925ededa14296e486522cfc561aacad205a2543cfbdcfbdaf","91b2f0bb5c78183c1688c045b18bca488e71f2d154f36b944317db8f3ac24fa9",open_position
"0x928fc4e9ef4c404925ededa14296e486522cfc561aacad205a2543cfbdcfbdaf","504b85370dc65e02ae2c1a22b0e254ba9da4f8ec223acf337dc52ec528a380a2",open_position
"0x928fc4e9ef4c404925ededa14296e486522cfc561aacad205a2543cfbdcfbdaf",ec5152989c7e5277eb050d548ef7cb72cb0bc70a7ca3807a890e806d58a6a0c8,deposit
"0x928fc4e9ef4c404925ededa14296e486522cfc561aacad205a2543cfbdcfbdaf","5cd1143a8e4d74284b723238734f634bd4b6654d5e4e59383435a1419c116973",register_referrer_code
"0x928fc4e9ef4c404925ededa14296e486522cfc561aacad205a2543cfbdcfbdaf","08d5ab5d0cea1aede3f3144c0a76aaadbff30a809e76b55bb210a2bce59a6c92",add_new_referral
"0xb9d74dba8e38dcbdc8673c3d949f1ab06926f9caf8c958434af13bbf6ac9be55",afbc1434f3300c20c150245ff76590bbc8eed9178f9a6ff21717c3a0934893d9,open_position
"0xb9d74dba8e38dcbdc8673c3d949f1ab06926f9caf8c958434af13bbf6ac9be55","554c5393dab52ec0d897bcf075f39a20abab15ab75ba7c51e2b198f2aa949a1e",open_position
"0x34e990e04bdcd62ee8fa50f4452b13a23ad9270866ce9d6409c767dc1528c80",b1268c9021841f79acfdf3e00091c412e7844113fd2120ef343625288e1a38ba,open_position
"0x34e990e04bdcd62ee8fa50f4452b13a23ad9270866ce9d6409c767dc1528c80","07423cc1411168b948a33ca70d22db9c3fe3bcd67242eb37248367092cd01bc3",open_position
"0x34e990e04bdcd62ee8fa50f4452b13a23ad9270866ce9d6409c767dc1528c80","5057d4b9ae4838ec5f29647804b161d23b56b9b4fb3e4c92073f699aeeac7892",open_position
"0x34e990e04bdcd62ee8fa50f4452b13a23ad9270866ce9d6409c767dc1528c80",f62f160ca116ed0a2d55887c77a198c935e2326911849fdb22f666545b65c699,open_position
"0x34e990e04bdcd62ee8fa50f4452b13a23ad9270866ce9d6409c767dc1528c80",fb5e22fa85dff95d5b4826caed05f64d06d58f7aab80670c1f1aa37b3832f7b0,deposit
"0x34e990e04bdcd62ee8fa50f4452b13a23ad9270866ce9d6409c767dc1528c80",df1768f090d0e173d97eedd5486f82c0af3c3f734973bb88638af89b1732ae09,register_referrer_code
"0x34e990e04bdcd62ee8fa50f4452b13a23ad9270866ce9d6409c767dc1528c80","08b8f54d160fe21a2338a3057085f4b33ccfcf59a36f4fdbd35d65f2b105ba85",add_new_referral
